Datetime,Close,High,Low,Open,Volume
2025-03-21 20:59:00+00:00,68.29000091552734,68.30999755859375,68.27999877929688,68.30000305175781,0.0
2025-03-23 22:00:00+00:00,68.33999633789062,68.44000244140625,68.27999877929688,68.3499984741211,0.0
2025-03-23 22:01:00+00:00,68.41999816894531,68.44000244140625,68.3499984741211,68.3499984741211,80.0
2025-03-23 22:02:00+00:00,68.43000030517578,68.43000030517578,68.4000015258789,68.41999816894531,31.0
2025-03-23 22:03:00+00:00,68.38999938964844,68.41000366210938,68.37000274658203,68.41000366210938,49.0
2025-03-23 22:04:00+00:00,68.37999725341797,68.4000015258789,68.37999725341797,68.38999938964844,22.0
2025-03-23 22:05:00+00:00,68.41999816894531,68.44000244140625,68.38999938964844,68.4000015258789,55.0
2025-03-23 22:06:00+00:00,68.38999938964844,68.43000030517578,68.38999938964844,68.43000030517578,52.0
2025-03-23 22:07:00+00:00,68.37000274658203,68.38999938964844,68.3499984741211,68.38999938964844,77.0
2025-03-23 22:08:00+00:00,68.3499984741211,68.37000274658203,68.33999633789062,68.37000274658203,20.0
2025-03-23 22:09:00+00:00,68.3499984741211,68.37000274658203,68.3499984741211,68.3499984741211,14.0
2025-03-23 22:10:00+00:00,68.3499984741211,68.36000061035156,68.3499984741211,68.3499984741211,16.0
2025-03-23 22:11:00+00:00,68.36000061035156,68.37000274658203,68.33999633789062,68.3499984741211,40.0
2025-03-23 22:12:00+00:00,68.33999633789062,68.36000061035156,68.33999633789062,68.36000061035156,9.0
2025-03-23 22:13:00+00:00,68.36000061035156,68.36000061035156,68.33999633789062,68.3499984741211,10.0
2025-03-23 22:14:00+00:00,68.37000274658203,68.37000274658203,68.3499984741211,68.36000061035156,11.0
2025-03-23 22:15:00+00:00,68.31999969482422,68.36000061035156,68.2699966430664,68.36000061035156,292.0
2025-03-23 22:16:00+00:00,68.30999755859375,68.31999969482422,68.29000091552734,68.30999755859375,55.0
2025-03-23 22:17:00+00:00,68.27999877929688,68.30999755859375,68.27999877929688,68.30999755859375,162.0
2025-03-23 22:18:00+00:00,68.27999877929688,68.29000091552734,68.27999877929688,68.29000091552734,38.0
2025-03-23 22:19:00+00:00,68.27999877929688,68.27999877929688,68.27999877929688,68.27999877929688,9.0
2025-03-23 22:20:00+00:00,68.26000213623047,68.2699966430664,68.26000213623047,68.2699966430664,19.0
2025-03-23 22:21:00+00:00,68.25,68.2699966430664,68.25,68.2699966430664,23.0
2025-03-23 22:22:00+00:00,68.26000213623047,68.26000213623047,68.23999786376953,68.25,53.0
2025-03-23 22:23:00+00:00,68.2699966430664,68.2699966430664,68.25,68.26000213623047,11.0
2025-03-23 22:24:00+00:00,68.27999877929688,68.30000305175781,68.27999877929688,68.27999877929688,12.0
2025-03-23 22:25:00+00:00,68.26000213623047,68.2699966430664,68.26000213623047,68.2699966430664,15.0
2025-03-23 22:26:00+00:00,68.2699966430664,68.2699966430664,68.2699966430664,68.2699966430664,28.0
2025-03-23 22:27:00+00:00,68.2699966430664,68.27999877929688,68.26000213623047,68.2699966430664,8.0
2025-03-23 22:28:00+00:00,68.27999877929688,68.27999877929688,68.2699966430664,68.2699966430664,5.0
2025-03-23 22:29:00+00:00,68.29000091552734,68.29000091552734,68.27999877929688,68.27999877929688,4.0
2025-03-23 22:30:00+00:00,68.20999908447266,68.27999877929688,68.20999908447266,68.27999877929688,49.0
2025-03-23 22:31:00+00:00,68.2300033569336,68.2300033569336,68.22000122070312,68.2300033569336,8.0
2025-03-23 22:32:00+00:00,68.19000244140625,68.22000122070312,68.19000244140625,68.22000122070312,61.0
2025-03-23 22:33:00+00:00,68.19000244140625,68.19999694824219,68.18000030517578,68.19999694824219,14.0
2025-03-23 22:34:00+00:00,68.16999816894531,68.19000244140625,68.16000366210938,68.19000244140625,319.0
2025-03-23 22:35:00+00:00,68.19999694824219,68.19999694824219,68.18000030517578,68.18000030517578,17.0
2025-03-23 22:36:00+00:00,68.18000030517578,68.19000244140625,68.18000030517578,68.19000244140625,17.0
2025-03-23 22:37:00+00:00,68.18000030517578,68.18000030517578,68.16999816894531,68.18000030517578,33.0
2025-03-23 22:38:00+00:00,68.19999694824219,68.19999694824219,68.19000244140625,68.19000244140625,9.0
2025-03-23 22:39:00+00:00,68.19999694824219,68.19999694824219,68.19000244140625,68.19000244140625,8.0
2025-03-23 22:40:00+00:00,68.19999694824219,68.19999694824219,68.19000244140625,68.19000244140625,3.0
2025-03-23 22:41:00+00:00,68.20999908447266,68.20999908447266,68.19999694824219,68.20999908447266,10.0
2025-03-23 22:42:00+00:00,68.2300033569336,68.23999786376953,68.20999908447266,68.20999908447266,40.0
2025-03-23 22:43:00+00:00,68.20999908447266,68.2300033569336,68.20999908447266,68.2300033569336,32.0
2025-03-23 22:44:00+00:00,68.22000122070312,68.22000122070312,68.20999908447266,68.20999908447266,12.0
2025-03-23 22:45:00+00:00,68.22000122070312,68.22000122070312,68.22000122070312,68.22000122070312,4.0
2025-03-23 22:47:00+00:00,68.2300033569336,68.2300033569336,68.2300033569336,68.2300033569336,1.0
2025-03-23 22:48:00+00:00,68.25,68.25,68.2300033569336,68.2300033569336,12.0
2025-03-23 22:49:00+00:00,68.2699966430664,68.2699966430664,68.23999786376953,68.23999786376953,65.0
2025-03-23 22:50:00+00:00,68.27999877929688,68.27999877929688,68.2699966430664,68.27999877929688,11.0
2025-03-23 22:51:00+00:00,68.30000305175781,68.30000305175781,68.29000091552734,68.29000091552734,40.0
2025-03-23 22:52:00+00:00,68.29000091552734,68.29000091552734,68.29000091552734,68.29000091552734,6.0
2025-03-23 22:53:00+00:00,68.30999755859375,68.31999969482422,68.30000305175781,68.30000305175781,27.0
2025-03-23 22:54:00+00:00,68.31999969482422,68.31999969482422,68.31999969482422,68.31999969482422,5.0
2025-03-23 22:55:00+00:00,68.31999969482422,68.33000183105469,68.31999969482422,68.31999969482422,12.0
2025-03-23 22:56:00+00:00,68.31999969482422,68.31999969482422,68.31999969482422,68.31999969482422,7.0
2025-03-23 22:57:00+00:00,68.31999969482422,68.31999969482422,68.31999969482422,68.31999969482422,4.0
2025-03-23 22:58:00+00:00,68.30999755859375,68.30999755859375,68.30999755859375,68.30999755859375,2.0
2025-03-23 22:59:00+00:00,68.33000183105469,68.33000183105469,68.31999969482422,68.31999969482422,10.0
2025-03-23 23:00:00+00:00,68.33999633789062,68.3499984741211,68.33999633789062,68.33999633789062,65.0
2025-03-23 23:01:00+00:00,68.30999755859375,68.33999633789062,68.30999755859375,68.33999633789062,63.0
2025-03-23 23:02:00+00:00,68.29000091552734,68.30000305175781,68.29000091552734,68.30000305175781,16.0
2025-03-23 23:03:00+00:00,68.29000091552734,68.29000091552734,68.27999877929688,68.27999877929688,3.0
2025-03-23 23:04:00+00:00,68.30000305175781,68.30000305175781,68.30000305175781,68.30000305175781,1.0
2025-03-23 23:05:00+00:00,68.30000305175781,68.30000305175781,68.30000305175781,68.30000305175781,4.0
2025-03-23 23:07:00+00:00,68.30000305175781,68.30000305175781,68.30000305175781,68.30000305175781,2.0
2025-03-23 23:09:00+00:00,68.30999755859375,68.31999969482422,68.30999755859375,68.30999755859375,7.0
2025-03-23 23:11:00+00:00,68.30999755859375,68.31999969482422,68.30999755859375,68.30999755859375,17.0
2025-03-23 23:14:00+00:00,68.31999969482422,68.31999969482422,68.30999755859375,68.30999755859375,3.0
2025-03-23 23:15:00+00:00,68.33000183105469,68.33000183105469,68.31999969482422,68.31999969482422,17.0
2025-03-23 23:17:00+00:00,68.33000183105469,68.33000183105469,68.33000183105469,68.33000183105469,3.0
2025-03-23 23:18:00+00:00,68.33999633789062,68.3499984741211,68.33999633789062,68.33999633789062,18.0
2025-03-23 23:19:00+00:00,68.3499984741211,68.36000061035156,68.3499984741211,68.3499984741211,15.0
2025-03-23 23:20:00+00:00,68.3499984741211,68.36000061035156,68.3499984741211,68.36000061035156,2.0
2025-03-23 23:21:00+00:00,68.36000061035156,68.36000061035156,68.3499984741211,68.3499984741211,4.0
2025-03-23 23:22:00+00:00,68.3499984741211,68.3499984741211,68.33999633789062,68.3499984741211,10.0
2025-03-23 23:23:00+00:00,68.3499984741211,68.3499984741211,68.3499984741211,68.3499984741211,8.0
2025-03-23 23:24:00+00:00,68.33000183105469,68.33999633789062,68.33000183105469,68.33999633789062,6.0
2025-03-23 23:25:00+00:00,68.31999969482422,68.31999969482422,68.31999969482422,68.31999969482422,3.0
2025-03-23 23:26:00+00:00,68.30999755859375,68.30999755859375,68.30999755859375,68.30999755859375,1.0
2025-03-23 23:27:00+00:00,68.31999969482422,68.31999969482422,68.30999755859375,68.30999755859375,9.0
2025-03-23 23:28:00+00:00,68.33000183105469,68.33999633789062,68.31999969482422,68.31999969482422,67.0
2025-03-23 23:29:00+00:00,68.33000183105469,68.33000183105469,68.33000183105469,68.33000183105469,1.0
2025-03-23 23:30:00+00:00,68.31999969482422,68.31999969482422,68.31999969482422,68.31999969482422,2.0
2025-03-23 23:31:00+00:00,68.31999969482422,68.33000183105469,68.31999969482422,68.31999969482422,4.0
2025-03-23 23:32:00+00:00,68.3499984741211,68.3499984741211,68.33999633789062,68.33999633789062,5.0
2025-03-23 23:33:00+00:00,68.3499984741211,68.3499984741211,68.3499984741211,68.3499984741211,7.0
2025-03-23 23:34:00+00:00,68.36000061035156,68.36000061035156,68.3499984741211,68.3499984741211,2.0
2025-03-23 23:35:00+00:00,68.36000061035156,68.36000061035156,68.3499984741211,68.3499984741211,5.0
2025-03-23 23:36:00+00:00,68.37000274658203,68.37000274658203,68.36000061035156,68.36000061035156,24.0
2025-03-23 23:37:00+00:00,68.37000274658203,68.37000274658203,68.37000274658203,68.37000274658203,3.0
2025-03-23 23:38:00+00:00,68.36000061035156,68.37999725341797,68.36000061035156,68.37999725341797,15.0
2025-03-23 23:39:00+00:00,68.38999938964844,68.4000015258789,68.37000274658203,68.37000274658203,342.0
2025-03-23 23:40:00+00:00,68.37999725341797,68.38999938964844,68.37999725341797,68.38999938964844,10.0
2025-03-23 23:41:00+00:00,68.37000274658203,68.37000274658203,68.37000274658203,68.37000274658203,2.0
2025-03-23 23:42:00+00:00,68.37999725341797,68.37999725341797,68.37999725341797,68.37999725341797,16.0
2025-03-23 23:43:00+00:00,68.38999938964844,68.38999938964844,68.38999938964844,68.38999938964844,7.0
2025-03-23 23:45:00+00:00,68.37999725341797,68.37999725341797,68.37999725341797,68.37999725341797,6.0
2025-03-23 23:46:00+00:00,68.37999725341797,68.37999725341797,68.37999725341797,68.37999725341797,2.0
2025-03-23 23:47:00+00:00,68.37999725341797,68.38999938964844,68.37999725341797,68.37999725341797,21.0
2025-03-23 23:48:00+00:00,68.37999725341797,68.38999938964844,68.37999725341797,68.37999725341797,12.0
2025-03-23 23:49:00+00:00,68.37999725341797,68.38999938964844,68.37999725341797,68.38999938964844,4.0
2025-03-23 23:50:00+00:00,68.37999725341797,68.37999725341797,68.37999725341797,68.37999725341797,5.0
2025-03-23 23:52:00+00:00,68.37999725341797,68.37999725341797,68.37999725341797,68.37999725341797,1.0
2025-03-23 23:53:00+00:00,68.38999938964844,68.38999938964844,68.37999725341797,68.37999725341797,12.0
2025-03-23 23:54:00+00:00,68.4000015258789,68.4000015258789,68.38999938964844,68.38999938964844,24.0
2025-03-23 23:55:00+00:00,68.41000366210938,68.41000366210938,68.4000015258789,68.4000015258789,39.0
2025-03-23 23:56:00+00:00,68.41000366210938,68.43000030517578,68.41000366210938,68.41999816894531,62.0
2025-03-23 23:57:00+00:00,68.41000366210938,68.41000366210938,68.41000366210938,68.41000366210938,5.0
2025-03-23 23:58:00+00:00,68.41000366210938,68.41000366210938,68.41000366210938,68.41000366210938,1.0
2025-03-23 23:59:00+00:00,68.41000366210938,68.41000366210938,68.4000015258789,68.41000366210938,7.0
2025-03-24 00:00:00+00:00,68.41000366210938,68.43000030517578,68.41000366210938,68.43000030517578,31.0
2025-03-24 00:01:00+00:00,68.41000366210938,68.41999816894531,68.4000015258789,68.41000366210938,26.0
2025-03-24 00:02:00+00:00,68.41999816894531,68.41999816894531,68.41000366210938,68.41000366210938,31.0
2025-03-24 00:03:00+00:00,68.44999694824219,68.44999694824219,68.43000030517578,68.43000030517578,40.0
2025-03-24 00:04:00+00:00,68.44000244140625,68.44999694824219,68.44000244140625,68.44999694824219,18.0
2025-03-24 00:05:00+00:00,68.47000122070312,68.47000122070312,68.44000244140625,68.44999694824219,132.0
2025-03-24 00:06:00+00:00,68.45999908447266,68.47000122070312,68.45999908447266,68.47000122070312,27.0
2025-03-24 00:07:00+00:00,68.44999694824219,68.45999908447266,68.44999694824219,68.45999908447266,25.0
2025-03-24 00:08:00+00:00,68.44000244140625,68.44999694824219,68.44000244140625,68.44999694824219,48.0
2025-03-24 00:09:00+00:00,68.44000244140625,68.44000244140625,68.43000030517578,68.43000030517578,10.0
2025-03-24 00:10:00+00:00,68.41999816894531,68.43000030517578,68.41999816894531,68.43000030517578,13.0
2025-03-24 00:11:00+00:00,68.41000366210938,68.41999816894531,68.41000366210938,68.41999816894531,11.0
2025-03-24 00:12:00+00:00,68.4000015258789,68.41999816894531,68.4000015258789,68.41999816894531,25.0
2025-03-24 00:13:00+00:00,68.38999938964844,68.4000015258789,68.37999725341797,68.38999938964844,19.0
2025-03-24 00:14:00+00:00,68.37999725341797,68.38999938964844,68.37999725341797,68.38999938964844,51.0
2025-03-24 00:15:00+00:00,68.37999725341797,68.38999938964844,68.37999725341797,68.37999725341797,6.0
2025-03-24 00:16:00+00:00,68.36000061035156,68.38999938964844,68.3499984741211,68.38999938964844,19.0
2025-03-24 00:17:00+00:00,68.33000183105469,68.37999725341797,68.33000183105469,68.36000061035156,388.0
2025-03-24 00:19:00+00:00,68.30000305175781,68.31999969482422,68.30000305175781,68.31999969482422,28.0
2025-03-24 00:20:00+00:00,68.31999969482422,68.31999969482422,68.30999755859375,68.30999755859375,16.0
2025-03-24 00:22:00+00:00,68.30999755859375,68.31999969482422,68.30000305175781,68.31999969482422,20.0
2025-03-24 00:23:00+00:00,68.30000305175781,68.30999755859375,68.30000305175781,68.30999755859375,5.0
2025-03-24 00:24:00+00:00,68.30999755859375,68.31999969482422,68.30000305175781,68.30000305175781,22.0
2025-03-24 00:25:00+00:00,68.31999969482422,68.31999969482422,68.30999755859375,68.30999755859375,13.0
2025-03-24 00:26:00+00:00,68.33000183105469,68.33999633789062,68.31999969482422,68.31999969482422,29.0
2025-03-24 00:27:00+00:00,68.30000305175781,68.33000183105469,68.30000305175781,68.33000183105469,17.0
2025-03-24 00:28:00+00:00,68.31999969482422,68.31999969482422,68.30000305175781,68.30000305175781,7.0
2025-03-24 00:30:00+00:00,68.30999755859375,68.31999969482422,68.30999755859375,68.31999969482422,9.0
2025-03-24 00:31:00+00:00,68.30999755859375,68.30999755859375,68.30999755859375,68.30999755859375,3.0
2025-03-24 00:32:00+00:00,68.30999755859375,68.30999755859375,68.30999755859375,68.30999755859375,9.0
2025-03-24 00:33:00+00:00,68.30000305175781,68.30000305175781,68.30000305175781,68.30000305175781,7.0
2025-03-24 00:35:00+00:00,68.29000091552734,68.30000305175781,68.27999877929688,68.30000305175781,40.0
2025-03-24 00:36:00+00:00,68.26000213623047,68.29000091552734,68.26000213623047,68.29000091552734,38.0
2025-03-24 00:37:00+00:00,68.26000213623047,68.2699966430664,68.26000213623047,68.2699966430664,14.0
2025-03-24 00:38:00+00:00,68.2699966430664,68.2699966430664,68.26000213623047,68.26000213623047,10.0
2025-03-24 00:39:00+00:00,68.26000213623047,68.26000213623047,68.26000213623047,68.26000213623047,4.0
2025-03-24 00:40:00+00:00,68.26000213623047,68.26000213623047,68.25,68.25,6.0
2025-03-24 00:41:00+00:00,68.22000122070312,68.25,68.22000122070312,68.25,28.0
2025-03-24 00:42:00+00:00,68.2300033569336,68.2300033569336,68.22000122070312,68.22000122070312,25.0
2025-03-24 00:43:00+00:00,68.2300033569336,68.2300033569336,68.22000122070312,68.22000122070312,18.0
2025-03-24 00:44:00+00:00,68.22000122070312,68.22000122070312,68.22000122070312,68.22000122070312,6.0
2025-03-24 00:45:00+00:00,68.2300033569336,68.2300033569336,68.22000122070312,68.22000122070312,8.0
2025-03-24 00:46:00+00:00,68.2300033569336,68.2300033569336,68.20999908447266,68.2300033569336,24.0
2025-03-24 00:47:00+00:00,68.22000122070312,68.22000122070312,68.22000122070312,68.22000122070312,1.0
2025-03-24 00:48:00+00:00,68.22000122070312,68.2300033569336,68.22000122070312,68.22000122070312,12.0
2025-03-24 00:51:00+00:00,68.23999786376953,68.23999786376953,68.2300033569336,68.2300033569336,13.0
2025-03-24 00:52:00+00:00,68.23999786376953,68.25,68.23999786376953,68.25,14.0
2025-03-24 00:53:00+00:00,68.22000122070312,68.2300033569336,68.22000122070312,68.2300033569336,6.0
2025-03-24 00:54:00+00:00,68.20999908447266,68.22000122070312,68.20999908447266,68.22000122070312,8.0
2025-03-24 00:55:00+00:00,68.19999694824219,68.22000122070312,68.19000244140625,68.20999908447266,20.0
2025-03-24 00:56:00+00:00,68.19000244140625,68.22000122070312,68.19000244140625,68.20999908447266,30.0
2025-03-24 00:57:00+00:00,68.19999694824219,68.19999694824219,68.19000244140625,68.19999694824219,7.0
2025-03-24 00:58:00+00:00,68.19000244140625,68.19999694824219,68.16999816894531,68.19999694824219,61.0
2025-03-24 00:59:00+00:00,68.16999816894531,68.19999694824219,68.16999816894531,68.19999694824219,74.0
2025-03-24 01:00:00+00:00,68.19999694824219,68.20999908447266,68.18000030517578,68.18000030517578,103.0
2025-03-24 01:01:00+00:00,68.20999908447266,68.20999908447266,68.19000244140625,68.19999694824219,28.0
2025-03-24 01:02:00+00:00,68.25,68.2699966430664,68.20999908447266,68.22000122070312,66.0
2025-03-24 01:03:00+00:00,68.30000305175781,68.30000305175781,68.26000213623047,68.26000213623047,26.0
2025-03-24 01:04:00+00:00,68.30000305175781,68.31999969482422,68.29000091552734,68.30000305175781,50.0
2025-03-24 01:05:00+00:00,68.33999633789062,68.33999633789062,68.30999755859375,68.31999969482422,20.0
2025-03-24 01:06:00+00:00,68.36000061035156,68.38999938964844,68.33999633789062,68.33999633789062,217.0
2025-03-24 01:07:00+00:00,68.33000183105469,68.36000061035156,68.33000183105469,68.36000061035156,36.0
2025-03-24 01:08:00+00:00,68.30999755859375,68.33000183105469,68.30999755859375,68.33000183105469,22.0
2025-03-24 01:09:00+00:00,68.30000305175781,68.30999755859375,68.27999877929688,68.30999755859375,20.0
2025-03-24 01:10:00+00:00,68.30999755859375,68.30999755859375,68.30999755859375,68.30999755859375,7.0
2025-03-24 01:11:00+00:00,68.29000091552734,68.30000305175781,68.29000091552734,68.30000305175781,20.0
2025-03-24 01:12:00+00:00,68.2300033569336,68.27999877929688,68.22000122070312,68.27999877929688,32.0
2025-03-24 01:13:00+00:00,68.23999786376953,68.23999786376953,68.22000122070312,68.2300033569336,27.0
2025-03-24 01:14:00+00:00,68.25,68.25,68.23999786376953,68.25,7.0
2025-03-24 01:15:00+00:00,68.20999908447266,68.23999786376953,68.20999908447266,68.23999786376953,17.0
2025-03-24 01:16:00+00:00,68.19999694824219,68.20999908447266,68.19999694824219,68.20999908447266,28.0
2025-03-24 01:17:00+00:00,68.16999816894531,68.20999908447266,68.16999816894531,68.20999908447266,19.0
2025-03-24 01:18:00+00:00,68.19999694824219,68.19999694824219,68.16000366210938,68.16999816894531,53.0
2025-03-24 01:19:00+00:00,68.19999694824219,68.19999694824219,68.19999694824219,68.19999694824219,18.0
2025-03-24 01:20:00+00:00,68.16999816894531,68.19000244140625,68.16000366210938,68.19000244140625,26.0
2025-03-24 01:21:00+00:00,68.16999816894531,68.19000244140625,68.16999816894531,68.16999816894531,26.0
2025-03-24 01:22:00+00:00,68.16999816894531,68.16999816894531,68.16000366210938,68.16999816894531,15.0
2025-03-24 01:23:00+00:00,68.16999816894531,68.16999816894531,68.16999816894531,68.16999816894531,9.0
2025-03-24 01:24:00+00:00,68.16000366210938,68.16000366210938,68.12999725341797,68.16000366210938,184.0
2025-03-24 01:25:00+00:00,68.13999938964844,68.16000366210938,68.13999938964844,68.16000366210938,27.0
2025-03-24 01:26:00+00:00,68.12999725341797,68.13999938964844,68.12000274658203,68.12999725341797,56.0
2025-03-24 01:27:00+00:00,68.11000061035156,68.13999938964844,68.11000061035156,68.13999938964844,43.0
2025-03-24 01:28:00+00:00,68.12000274658203,68.13999938964844,68.12000274658203,68.12000274658203,26.0
2025-03-24 01:29:00+00:00,68.12000274658203,68.12999725341797,68.08999633789062,68.12000274658203,73.0
2025-03-24 01:30:00+00:00,68.11000061035156,68.13999938964844,68.11000061035156,68.12999725341797,49.0
2025-03-24 01:31:00+00:00,68.0999984741211,68.12000274658203,68.0999984741211,68.11000061035156,33.0
2025-03-24 01:32:00+00:00,68.08000183105469,68.11000061035156,68.06999969482422,68.08999633789062,231.0
2025-03-24 01:33:00+00:00,68.08000183105469,68.0999984741211,68.08000183105469,68.08999633789062,59.0
2025-03-24 01:34:00+00:00,68.08000183105469,68.08999633789062,68.08000183105469,68.08000183105469,23.0
2025-03-24 01:35:00+00:00,68.11000061035156,68.11000061035156,68.08000183105469,68.08999633789062,99.0
2025-03-24 01:36:00+00:00,68.0999984741211,68.11000061035156,68.08999633789062,68.11000061035156,22.0
2025-03-24 01:37:00+00:00,68.0999984741211,68.11000061035156,68.0999984741211,68.0999984741211,29.0
2025-03-24 01:38:00+00:00,68.11000061035156,68.11000061035156,68.0999984741211,68.0999984741211,24.0
2025-03-24 01:39:00+00:00,68.08000183105469,68.11000061035156,68.08000183105469,68.11000061035156,20.0
2025-03-24 01:40:00+00:00,68.08000183105469,68.08999633789062,68.06999969482422,68.08999633789062,22.0
2025-03-24 01:41:00+00:00,68.08000183105469,68.08000183105469,68.05999755859375,68.08000183105469,74.0
2025-03-24 01:42:00+00:00,68.05999755859375,68.08000183105469,68.04000091552734,68.08000183105469,94.0
2025-03-24 01:43:00+00:00,68.02999877929688,68.05999755859375,68.0199966430664,68.05999755859375,41.0
2025-03-24 01:44:00+00:00,68.04000091552734,68.04000091552734,68.01000213623047,68.02999877929688,42.0
2025-03-24 01:45:00+00:00,68.05999755859375,68.06999969482422,68.05000305175781,68.05000305175781,24.0
2025-03-24 01:46:00+00:00,68.05000305175781,68.06999969482422,68.04000091552734,68.06999969482422,80.0
2025-03-24 01:47:00+00:00,68.04000091552734,68.05999755859375,68.04000091552734,68.05000305175781,37.0
2025-03-24 01:48:00+00:00,68.0199966430664,68.02999877929688,68.01000213623047,68.02999877929688,78.0
2025-03-24 01:49:00+00:00,68.02999877929688,68.02999877929688,68.0,68.0199966430664,49.0
2025-03-24 01:50:00+00:00,68.0199966430664,68.04000091552734,68.0199966430664,68.02999877929688,21.0
2025-03-24 01:51:00+00:00,68.0,68.0199966430664,68.0,68.0199966430664,23.0
2025-03-24 01:52:00+00:00,67.98999786376953,68.01000213623047,67.98999786376953,68.01000213623047,60.0
2025-03-24 01:53:00+00:00,67.98999786376953,67.98999786376953,67.97000122070312,67.9800033569336,69.0
2025-03-24 01:54:00+00:00,68.0,68.0,67.98999786376953,67.98999786376953,17.0
2025-03-24 01:55:00+00:00,68.0,68.01000213623047,68.0,68.0,8.0
2025-03-24 01:56:00+00:00,67.98999786376953,68.0,67.98999786376953,68.0,4.0
2025-03-24 01:57:00+00:00,68.01000213623047,68.01000213623047,67.98999786376953,68.0,21.0
2025-03-24 01:58:00+00:00,68.0,68.01000213623047,68.0,68.01000213623047,23.0
2025-03-24 01:59:00+00:00,68.0,68.01000213623047,67.98999786376953,68.01000213623047,27.0
2025-03-24 02:00:00+00:00,67.9800033569336,68.0,67.9800033569336,67.98999786376953,26.0
2025-03-24 02:01:00+00:00,68.0,68.0,67.98999786376953,67.98999786376953,13.0
2025-03-24 02:02:00+00:00,68.0,68.0199966430664,68.0,68.0,39.0
2025-03-24 02:03:00+00:00,68.0,68.01000213623047,68.0,68.0,52.0
2025-03-24 02:04:00+00:00,68.02999877929688,68.02999877929688,68.0,68.01000213623047,22.0
2025-03-24 02:05:00+00:00,68.05999755859375,68.05999755859375,68.02999877929688,68.02999877929688,37.0
2025-03-24 02:06:00+00:00,68.08000183105469,68.08000183105469,68.05999755859375,68.05999755859375,38.0
2025-03-24 02:07:00+00:00,68.06999969482422,68.08000183105469,68.06999969482422,68.08000183105469,28.0
2025-03-24 02:08:00+00:00,68.08000183105469,68.08000183105469,68.05999755859375,68.06999969482422,10.0
2025-03-24 02:09:00+00:00,68.06999969482422,68.08000183105469,68.06999969482422,68.06999969482422,14.0
2025-03-24 02:10:00+00:00,68.08000183105469,68.08999633789062,68.06999969482422,68.06999969482422,13.0
2025-03-24 02:11:00+00:00,68.05999755859375,68.08999633789062,68.05999755859375,68.08000183105469,12.0
2025-03-24 02:12:00+00:00,68.05000305175781,68.05999755859375,68.04000091552734,68.05999755859375,76.0
2025-03-24 02:13:00+00:00,68.06999969482422,68.06999969482422,68.05000305175781,68.05000305175781,15.0
2025-03-24 02:14:00+00:00,68.05999755859375,68.08000183105469,68.05999755859375,68.06999969482422,20.0
2025-03-24 02:15:00+00:00,68.05000305175781,68.05999755859375,68.05000305175781,68.05999755859375,8.0
2025-03-24 02:16:00+00:00,68.05000305175781,68.05999755859375,68.05000305175781,68.05000305175781,12.0
2025-03-24 02:17:00+00:00,68.05999755859375,68.06999969482422,68.05000305175781,68.05000305175781,362.0
2025-03-24 02:18:00+00:00,68.05999755859375,68.06999969482422,68.05999755859375,68.06999969482422,18.0
2025-03-24 02:19:00+00:00,68.04000091552734,68.05000305175781,68.04000091552734,68.05000305175781,5.0
2025-03-24 02:20:00+00:00,68.05000305175781,68.05999755859375,68.05000305175781,68.05999755859375,5.0
2025-03-24 02:21:00+00:00,68.05999755859375,68.05999755859375,68.05999755859375,68.05999755859375,10.0
2025-03-24 02:22:00+00:00,68.08999633789062,68.0999984741211,68.06999969482422,68.06999969482422,37.0
2025-03-24 02:23:00+00:00,68.08000183105469,68.0999984741211,68.08000183105469,68.0999984741211,25.0
2025-03-24 02:24:00+00:00,68.0999984741211,68.0999984741211,68.08000183105469,68.08999633789062,29.0
2025-03-24 02:25:00+00:00,68.12000274658203,68.12999725341797,68.11000061035156,68.11000061035156,47.0
2025-03-24 02:26:00+00:00,68.12000274658203,68.12000274658203,68.11000061035156,68.11000061035156,13.0
2025-03-24 02:27:00+00:00,68.12999725341797,68.12999725341797,68.12000274658203,68.12000274658203,19.0
2025-03-24 02:28:00+00:00,68.12999725341797,68.12999725341797,68.12000274658203,68.12999725341797,32.0
2025-03-24 02:29:00+00:00,68.13999938964844,68.13999938964844,68.12999725341797,68.12999725341797,12.0
2025-03-24 02:30:00+00:00,68.13999938964844,68.16000366210938,68.13999938964844,68.13999938964844,113.0
2025-03-24 02:31:00+00:00,68.13999938964844,68.1500015258789,68.13999938964844,68.13999938964844,26.0
2025-03-24 02:32:00+00:00,68.11000061035156,68.12999725341797,68.11000061035156,68.12999725341797,23.0
2025-03-24 02:33:00+00:00,68.08999633789062,68.11000061035156,68.08999633789062,68.11000061035156,23.0
2025-03-24 02:34:00+00:00,68.08999633789062,68.08999633789062,68.08000183105469,68.08000183105469,18.0
2025-03-24 02:35:00+00:00,68.08000183105469,68.08999633789062,68.08000183105469,68.08999633789062,9.0
2025-03-24 02:36:00+00:00,68.0999984741211,68.0999984741211,68.08999633789062,68.08999633789062,7.0
2025-03-24 02:37:00+00:00,68.08000183105469,68.08999633789062,68.08000183105469,68.08999633789062,6.0
2025-03-24 02:38:00+00:00,68.08999633789062,68.0999984741211,68.08999633789062,68.0999984741211,14.0
2025-03-24 02:39:00+00:00,68.08999633789062,68.0999984741211,68.08999633789062,68.0999984741211,4.0
2025-03-24 02:40:00+00:00,68.0999984741211,68.0999984741211,68.08999633789062,68.08999633789062,12.0
2025-03-24 02:41:00+00:00,68.12999725341797,68.12999725341797,68.11000061035156,68.11000061035156,101.0
2025-03-24 02:42:00+00:00,68.11000061035156,68.13999938964844,68.11000061035156,68.12000274658203,16.0
2025-03-24 02:43:00+00:00,68.12000274658203,68.12000274658203,68.11000061035156,68.11000061035156,4.0
2025-03-24 02:44:00+00:00,68.12000274658203,68.12000274658203,68.12000274658203,68.12000274658203,3.0
2025-03-24 02:45:00+00:00,68.12999725341797,68.12999725341797,68.12000274658203,68.12000274658203,4.0
2025-03-24 02:46:00+00:00,68.13999938964844,68.13999938964844,68.12999725341797,68.13999938964844,22.0
2025-03-24 02:47:00+00:00,68.12000274658203,68.12999725341797,68.12000274658203,68.12999725341797,11.0
2025-03-24 02:48:00+00:00,68.12000274658203,68.12000274658203,68.12000274658203,68.12000274658203,18.0
2025-03-24 02:49:00+00:00,68.12000274658203,68.12000274658203,68.11000061035156,68.11000061035156,47.0
2025-03-24 02:50:00+00:00,68.12000274658203,68.12999725341797,68.12000274658203,68.12999725341797,17.0
2025-03-24 02:51:00+00:00,68.0999984741211,68.12000274658203,68.08000183105469,68.12000274658203,24.0
2025-03-24 02:52:00+00:00,68.08999633789062,68.11000061035156,68.08999633789062,68.0999984741211,13.0
2025-03-24 02:53:00+00:00,68.08000183105469,68.08000183105469,68.06999969482422,68.08000183105469,15.0
2025-03-24 02:54:00+00:00,68.08000183105469,68.08000183105469,68.08000183105469,68.08000183105469,11.0
2025-03-24 02:55:00+00:00,68.06999969482422,68.06999969482422,68.05999755859375,68.06999969482422,73.0
2025-03-24 02:56:00+00:00,68.08000183105469,68.08000183105469,68.06999969482422,68.06999969482422,19.0
2025-03-24 02:57:00+00:00,68.06999969482422,68.08000183105469,68.06999969482422,68.06999969482422,9.0
2025-03-24 02:58:00+00:00,68.06999969482422,68.08000183105469,68.06999969482422,68.06999969482422,17.0
2025-03-24 02:59:00+00:00,68.05999755859375,68.05999755859375,68.05000305175781,68.05999755859375,10.0
2025-03-24 03:00:00+00:00,68.05999755859375,68.06999969482422,68.05999755859375,68.05999755859375,31.0
2025-03-24 03:01:00+00:00,68.05999755859375,68.05999755859375,68.05999755859375,68.05999755859375,1.0
2025-03-24 03:02:00+00:00,68.06999969482422,68.06999969482422,68.05999755859375,68.05999755859375,14.0
2025-03-24 03:03:00+00:00,68.01000213623047,68.06999969482422,68.0,68.06999969482422,220.0
2025-03-24 03:04:00+00:00,68.04000091552734,68.04000091552734,68.0199966430664,68.0199966430664,13.0
2025-03-24 03:05:00+00:00,68.02999877929688,68.02999877929688,68.02999877929688,68.02999877929688,4.0
2025-03-24 03:06:00+00:00,68.04000091552734,68.04000091552734,68.02999877929688,68.04000091552734,19.0
2025-03-24 03:07:00+00:00,68.01000213623047,68.05999755859375,68.01000213623047,68.05000305175781,14.0
2025-03-24 03:08:00+00:00,68.02999877929688,68.02999877929688,68.0199966430664,68.0199966430664,12.0
2025-03-24 03:09:00+00:00,68.05000305175781,68.05000305175781,68.02999877929688,68.02999877929688,6.0
2025-03-24 03:10:00+00:00,68.05000305175781,68.06999969482422,68.05000305175781,68.05000305175781,31.0
2025-03-24 03:11:00+00:00,68.05999755859375,68.05999755859375,68.05000305175781,68.05000305175781,5.0
2025-03-24 03:12:00+00:00,68.05999755859375,68.05999755859375,68.05999755859375,68.05999755859375,3.0
2025-03-24 03:13:00+00:00,68.05999755859375,68.06999969482422,68.05000305175781,68.05999755859375,15.0
2025-03-24 03:14:00+00:00,68.04000091552734,68.05999755859375,68.04000091552734,68.05999755859375,18.0
2025-03-24 03:15:00+00:00,68.04000091552734,68.05999755859375,68.02999877929688,68.05000305175781,23.0
2025-03-24 03:16:00+00:00,68.05999755859375,68.05999755859375,68.02999877929688,68.02999877929688,15.0
2025-03-24 03:17:00+00:00,68.08000183105469,68.08000183105469,68.05999755859375,68.05999755859375,41.0
2025-03-24 03:18:00+00:00,68.05999755859375,68.08000183105469,68.05999755859375,68.08000183105469,16.0
2025-03-24 03:19:00+00:00,68.05999755859375,68.05999755859375,68.05999755859375,68.05999755859375,20.0
2025-03-24 03:20:00+00:00,68.05999755859375,68.05999755859375,68.05000305175781,68.05000305175781,50.0
2025-03-24 03:22:00+00:00,68.05000305175781,68.05000305175781,68.04000091552734,68.04000091552734,14.0
2025-03-24 03:23:00+00:00,68.05000305175781,68.05000305175781,68.05000305175781,68.05000305175781,3.0
2025-03-24 03:24:00+00:00,68.05999755859375,68.05999755859375,68.05999755859375,68.05999755859375,5.0
2025-03-24 03:25:00+00:00,68.05000305175781,68.05000305175781,68.05000305175781,68.05000305175781,9.0
2025-03-24 03:26:00+00:00,68.0199966430664,68.04000091552734,68.0199966430664,68.04000091552734,466.0
2025-03-24 03:27:00+00:00,68.01000213623047,68.0199966430664,67.9800033569336,68.0199966430664,46.0
2025-03-24 03:28:00+00:00,67.97000122070312,68.0,67.97000122070312,68.0,59.0
2025-03-24 03:29:00+00:00,67.94999694824219,67.97000122070312,67.94999694824219,67.97000122070312,51.0
2025-03-24 03:33:00+00:00,67.98999786376953,68.0,67.98999786376953,68.0,107.0
2025-03-24 03:34:00+00:00,67.98999786376953,68.0,67.98999786376953,68.0,18.0
2025-03-24 03:35:00+00:00,68.01000213623047,68.0199966430664,68.0,68.0,23.0
2025-03-24 03:37:00+00:00,68.0199966430664,68.0199966430664,68.01000213623047,68.01000213623047,12.0
2025-03-24 03:38:00+00:00,68.0199966430664,68.02999877929688,68.0199966430664,68.0199966430664,19.0
2025-03-24 03:39:00+00:00,68.02999877929688,68.02999877929688,68.02999877929688,68.02999877929688,13.0
2025-03-24 03:40:00+00:00,68.02999877929688,68.04000091552734,68.02999877929688,68.02999877929688,18.0
2025-03-24 03:41:00+00:00,68.0199966430664,68.02999877929688,68.0199966430664,68.02999877929688,9.0
2025-03-24 03:42:00+00:00,68.0199966430664,68.02999877929688,68.0199966430664,68.0199966430664,17.0
2025-03-24 03:43:00+00:00,68.01000213623047,68.0199966430664,68.01000213623047,68.0199966430664,19.0
2025-03-24 03:44:00+00:00,68.0199966430664,68.0199966430664,68.01000213623047,68.0199966430664,15.0
2025-03-24 03:45:00+00:00,68.0199966430664,68.02999877929688,68.0199966430664,68.0199966430664,15.0
2025-03-24 03:46:00+00:00,68.02999877929688,68.02999877929688,68.02999877929688,68.02999877929688,2.0
2025-03-24 03:47:00+00:00,68.02999877929688,68.02999877929688,68.02999877929688,68.02999877929688,6.0
2025-03-24 03:48:00+00:00,68.02999877929688,68.04000091552734,68.02999877929688,68.04000091552734,19.0
2025-03-24 03:49:00+00:00,68.0199966430664,68.02999877929688,68.0199966430664,68.02999877929688,34.0
2025-03-24 03:50:00+00:00,68.01000213623047,68.0199966430664,68.01000213623047,68.0199966430664,3.0
2025-03-24 03:51:00+00:00,68.04000091552734,68.04000091552734,68.02999877929688,68.02999877929688,17.0
2025-03-24 03:52:00+00:00,68.02999877929688,68.04000091552734,68.02999877929688,68.04000091552734,12.0
2025-03-24 03:54:00+00:00,68.0199966430664,68.02999877929688,68.0199966430664,68.02999877929688,16.0
2025-03-24 03:55:00+00:00,68.02999877929688,68.02999877929688,68.0199966430664,68.0199966430664,6.0
2025-03-24 03:56:00+00:00,68.04000091552734,68.05000305175781,68.02999877929688,68.02999877929688,25.0
2025-03-24 03:57:00+00:00,68.04000091552734,68.04000091552734,68.04000091552734,68.04000091552734,2.0
2025-03-24 03:58:00+00:00,68.05999755859375,68.05999755859375,68.04000091552734,68.05000305175781,17.0
2025-03-24 04:00:00+00:00,68.05000305175781,68.06999969482422,68.05000305175781,68.05999755859375,12.0
2025-03-24 04:02:00+00:00,68.05000305175781,68.05999755859375,68.05000305175781,68.05999755859375,16.0
2025-03-24 04:03:00+00:00,68.05000305175781,68.05000305175781,68.04000091552734,68.04000091552734,16.0
2025-03-24 04:05:00+00:00,68.04000091552734,68.05000305175781,68.04000091552734,68.05000305175781,6.0
2025-03-24 04:06:00+00:00,68.05999755859375,68.05999755859375,68.05000305175781,68.05000305175781,15.0
2025-03-24 04:07:00+00:00,68.08000183105469,68.08000183105469,68.06999969482422,68.06999969482422,7.0
2025-03-24 04:08:00+00:00,68.08000183105469,68.08000183105469,68.08000183105469,68.08000183105469,2.0
2025-03-24 04:09:00+00:00,68.06999969482422,68.08000183105469,68.06999969482422,68.08000183105469,8.0
2025-03-24 04:10:00+00:00,68.06999969482422,68.06999969482422,68.06999969482422,68.06999969482422,4.0
2025-03-24 04:12:00+00:00,68.05999755859375,68.05999755859375,68.05999755859375,68.05999755859375,6.0
2025-03-24 04:13:00+00:00,68.05999755859375,68.05999755859375,68.05999755859375,68.05999755859375,2.0
2025-03-24 04:15:00+00:00,68.04000091552734,68.05000305175781,68.04000091552734,68.05000305175781,22.0
2025-03-24 04:16:00+00:00,68.04000091552734,68.04000091552734,68.04000091552734,68.04000091552734,3.0
2025-03-24 04:18:00+00:00,68.02999877929688,68.02999877929688,68.02999877929688,68.02999877929688,7.0
2025-03-24 04:19:00+00:00,68.02999877929688,68.04000091552734,68.0199966430664,68.0199966430664,8.0
2025-03-24 04:20:00+00:00,68.02999877929688,68.02999877929688,68.0199966430664,68.02999877929688,9.0
2025-03-24 04:22:00+00:00,68.02999877929688,68.04000091552734,68.02999877929688,68.04000091552734,4.0
2025-03-24 04:23:00+00:00,68.0199966430664,68.0199966430664,68.0199966430664,68.0199966430664,1.0
2025-03-24 04:25:00+00:00,68.02999877929688,68.02999877929688,68.02999877929688,68.02999877929688,5.0
2025-03-24 04:26:00+00:00,68.02999877929688,68.02999877929688,68.02999877929688,68.02999877929688,1.0
2025-03-24 04:28:00+00:00,68.04000091552734,68.04000091552734,68.04000091552734,68.04000091552734,27.0
2025-03-24 04:29:00+00:00,68.02999877929688,68.04000091552734,68.02999877929688,68.04000091552734,3.0
2025-03-24 04:30:00+00:00,68.04000091552734,68.04000091552734,68.04000091552734,68.04000091552734,4.0
2025-03-24 04:32:00+00:00,68.05000305175781,68.05000305175781,68.05000305175781,68.05000305175781,5.0
2025-03-24 04:33:00+00:00,68.05000305175781,68.05000305175781,68.05000305175781,68.05000305175781,2.0
2025-03-24 04:37:00+00:00,68.04000091552734,68.04000091552734,68.04000091552734,68.04000091552734,23.0
2025-03-24 04:39:00+00:00,68.04000091552734,68.04000091552734,68.04000091552734,68.04000091552734,6.0
2025-03-24 04:40:00+00:00,68.05999755859375,68.05999755859375,68.05000305175781,68.05000305175781,4.0
2025-03-24 04:41:00+00:00,68.05000305175781,68.05000305175781,68.05000305175781,68.05000305175781,35.0
2025-03-24 04:42:00+00:00,68.05999755859375,68.05999755859375,68.05000305175781,68.05000305175781,6.0
2025-03-24 04:43:00+00:00,68.06999969482422,68.06999969482422,68.05999755859375,68.05999755859375,23.0
2025-03-24 04:44:00+00:00,68.06999969482422,68.08000183105469,68.06999969482422,68.06999969482422,23.0
2025-03-24 04:45:00+00:00,68.05999755859375,68.06999969482422,68.05999755859375,68.06999969482422,9.0
2025-03-24 04:46:00+00:00,68.05000305175781,68.05999755859375,68.05000305175781,68.05999755859375,13.0
2025-03-24 04:47:00+00:00,68.05000305175781,68.05000305175781,68.05000305175781,68.05000305175781,6.0
2025-03-24 04:48:00+00:00,68.05000305175781,68.05000305175781,68.05000305175781,68.05000305175781,17.0
2025-03-24 04:51:00+00:00,68.05000305175781,68.05000305175781,68.05000305175781,68.05000305175781,7.0
2025-03-24 04:52:00+00:00,68.02999877929688,68.04000091552734,68.02999877929688,68.04000091552734,21.0
2025-03-24 04:53:00+00:00,68.02999877929688,68.02999877929688,68.02999877929688,68.02999877929688,12.0
2025-03-24 04:54:00+00:00,68.04000091552734,68.05000305175781,68.04000091552734,68.04000091552734,16.0
2025-03-24 04:55:00+00:00,68.04000091552734,68.04000091552734,68.04000091552734,68.04000091552734,1.0
2025-03-24 04:58:00+00:00,68.02999877929688,68.05000305175781,68.02999877929688,68.04000091552734,44.0
2025-03-24 04:59:00+00:00,68.01000213623047,68.0199966430664,68.01000213623047,68.0199966430664,9.0
2025-03-24 05:00:00+00:00,68.0199966430664,68.0199966430664,68.01000213623047,68.01000213623047,11.0
2025-03-24 05:01:00+00:00,68.0199966430664,68.0199966430664,68.0199966430664,68.0199966430664,10.0
2025-03-24 05:03:00+00:00,68.0199966430664,68.0199966430664,68.0199966430664,68.0199966430664,7.0
2025-03-24 05:04:00+00:00,68.01000213623047,68.01000213623047,68.01000213623047,68.01000213623047,2.0
2025-03-24 05:06:00+00:00,68.02999877929688,68.04000091552734,68.01000213623047,68.01000213623047,11.0
2025-03-24 05:08:00+00:00,68.02999877929688,68.04000091552734,68.02999877929688,68.02999877929688,10.0
2025-03-24 05:09:00+00:00,68.02999877929688,68.02999877929688,68.02999877929688,68.02999877929688,3.0
2025-03-24 05:12:00+00:00,68.05000305175781,68.05000305175781,68.04000091552734,68.04000091552734,10.0
2025-03-24 05:13:00+00:00,68.05000305175781,68.05999755859375,68.05000305175781,68.05000305175781,25.0
2025-03-24 05:14:00+00:00,68.06999969482422,68.06999969482422,68.05000305175781,68.05000305175781,41.0
2025-03-24 05:15:00+00:00,68.08000183105469,68.0999984741211,68.06999969482422,68.08000183105469,89.0
2025-03-24 05:16:00+00:00,68.06999969482422,68.08999633789062,68.06999969482422,68.08999633789062,15.0
2025-03-24 05:17:00+00:00,68.06999969482422,68.06999969482422,68.06999969482422,68.06999969482422,7.0
2025-03-24 05:18:00+00:00,68.08000183105469,68.08000183105469,68.08000183105469,68.08000183105469,8.0
2025-03-24 05:19:00+00:00,68.08000183105469,68.08999633789062,68.08000183105469,68.08999633789062,197.0
2025-03-24 05:20:00+00:00,68.08999633789062,68.0999984741211,68.08000183105469,68.08999633789062,399.0
2025-03-24 05:21:00+00:00,68.05999755859375,68.08000183105469,68.05999755859375,68.08000183105469,22.0
2025-03-24 05:23:00+00:00,68.08999633789062,68.08999633789062,68.06999969482422,68.06999969482422,16.0
2025-03-24 05:24:00+00:00,68.08999633789062,68.0999984741211,68.08999633789062,68.0999984741211,16.0
2025-03-24 05:25:00+00:00,68.08999633789062,68.08999633789062,68.08999633789062,68.08999633789062,4.0
2025-03-24 05:27:00+00:00,68.0999984741211,68.0999984741211,68.08999633789062,68.08999633789062,6.0
2025-03-24 05:29:00+00:00,68.08999633789062,68.08999633789062,68.08999633789062,68.08999633789062,9.0
2025-03-24 05:30:00+00:00,68.12000274658203,68.12000274658203,68.08999633789062,68.0999984741211,54.0
2025-03-24 05:31:00+00:00,68.11000061035156,68.12000274658203,68.0999984741211,68.12000274658203,37.0
2025-03-24 05:32:00+00:00,68.13999938964844,68.13999938964844,68.11000061035156,68.12000274658203,38.0
2025-03-24 05:33:00+00:00,68.13999938964844,68.13999938964844,68.12999725341797,68.13999938964844,5.0
2025-03-24 05:34:00+00:00,68.12999725341797,68.12999725341797,68.12999725341797,68.12999725341797,3.0
2025-03-24 05:35:00+00:00,68.13999938964844,68.13999938964844,68.12000274658203,68.12999725341797,55.0
2025-03-24 05:36:00+00:00,68.13999938964844,68.1500015258789,68.12999725341797,68.1500015258789,20.0
2025-03-24 05:37:00+00:00,68.12999725341797,68.13999938964844,68.12999725341797,68.13999938964844,15.0
2025-03-24 05:38:00+00:00,68.12999725341797,68.12999725341797,68.12999725341797,68.12999725341797,35.0
2025-03-24 05:39:00+00:00,68.13999938964844,68.1500015258789,68.13999938964844,68.13999938964844,95.0
2025-03-24 05:40:00+00:00,68.13999938964844,68.13999938964844,68.13999938964844,68.13999938964844,5.0
2025-03-24 05:41:00+00:00,68.13999938964844,68.13999938964844,68.13999938964844,68.13999938964844,9.0
2025-03-24 05:42:00+00:00,68.1500015258789,68.1500015258789,68.13999938964844,68.13999938964844,9.0
2025-03-24 05:43:00+00:00,68.1500015258789,68.16999816894531,68.1500015258789,68.1500015258789,39.0
2025-03-24 05:44:00+00:00,68.16000366210938,68.16999816894531,68.1500015258789,68.1500015258789,22.0
2025-03-24 05:45:00+00:00,68.13999938964844,68.16000366210938,68.13999938964844,68.16000366210938,32.0
2025-03-24 05:46:00+00:00,68.12999725341797,68.12999725341797,68.12000274658203,68.12999725341797,20.0
2025-03-24 05:47:00+00:00,68.12999725341797,68.13999938964844,68.12999725341797,68.12999725341797,24.0
2025-03-24 05:48:00+00:00,68.13999938964844,68.13999938964844,68.13999938964844,68.13999938964844,2.0
2025-03-24 05:49:00+00:00,68.13999938964844,68.13999938964844,68.12999725341797,68.12999725341797,16.0
2025-03-24 05:50:00+00:00,68.1500015258789,68.1500015258789,68.1500015258789,68.1500015258789,6.0
2025-03-24 05:51:00+00:00,68.16000366210938,68.16000366210938,68.16000366210938,68.16000366210938,17.0
2025-03-24 05:52:00+00:00,68.16000366210938,68.16000366210938,68.16000366210938,68.16000366210938,18.0
2025-03-24 05:53:00+00:00,68.18000030517578,68.18000030517578,68.16000366210938,68.16000366210938,67.0
2025-03-24 05:54:00+00:00,68.16000366210938,68.18000030517578,68.16000366210938,68.18000030517578,11.0
2025-03-24 05:55:00+00:00,68.18000030517578,68.19000244140625,68.16000366210938,68.16000366210938,42.0
2025-03-24 05:56:00+00:00,68.16999816894531,68.18000030517578,68.16999816894531,68.18000030517578,12.0
2025-03-24 05:57:00+00:00,68.16000366210938,68.18000030517578,68.16000366210938,68.18000030517578,20.0
2025-03-24 05:58:00+00:00,68.16000366210938,68.16000366210938,68.1500015258789,68.16000366210938,9.0
2025-03-24 05:59:00+00:00,68.16000366210938,68.16000366210938,68.16000366210938,68.16000366210938,2.0
2025-03-24 06:00:00+00:00,68.16999816894531,68.16999816894531,68.16000366210938,68.16000366210938,10.0
2025-03-24 06:01:00+00:00,68.19999694824219,68.19999694824219,68.16000366210938,68.16999816894531,497.0
2025-03-24 06:02:00+00:00,68.2300033569336,68.2300033569336,68.19999694824219,68.19999694824219,403.0
2025-03-24 06:03:00+00:00,68.2300033569336,68.26000213623047,68.2300033569336,68.2300033569336,121.0
2025-03-24 06:04:00+00:00,68.22000122070312,68.2300033569336,68.22000122070312,68.22000122070312,26.0
2025-03-24 06:05:00+00:00,68.22000122070312,68.23999786376953,68.22000122070312,68.2300033569336,55.0
2025-03-24 06:06:00+00:00,68.2300033569336,68.2300033569336,68.2300033569336,68.2300033569336,5.0
2025-03-24 06:08:00+00:00,68.2300033569336,68.2300033569336,68.2300033569336,68.2300033569336,2.0
2025-03-24 06:09:00+00:00,68.2300033569336,68.2300033569336,68.20999908447266,68.22000122070312,14.0
2025-03-24 06:10:00+00:00,68.2300033569336,68.2300033569336,68.22000122070312,68.22000122070312,6.0
2025-03-24 06:11:00+00:00,68.2300033569336,68.2300033569336,68.22000122070312,68.22000122070312,12.0
2025-03-24 06:12:00+00:00,68.20999908447266,68.22000122070312,68.20999908447266,68.22000122070312,10.0
2025-03-24 06:13:00+00:00,68.19999694824219,68.20999908447266,68.19999694824219,68.20999908447266,16.0
2025-03-24 06:14:00+00:00,68.20999908447266,68.20999908447266,68.19999694824219,68.19999694824219,11.0
2025-03-24 06:15:00+00:00,68.20999908447266,68.22000122070312,68.20999908447266,68.22000122070312,16.0
2025-03-24 06:16:00+00:00,68.19999694824219,68.20999908447266,68.19999694824219,68.20999908447266,21.0
2025-03-24 06:17:00+00:00,68.20999908447266,68.20999908447266,68.19999694824219,68.19999694824219,13.0
2025-03-24 06:18:00+00:00,68.20999908447266,68.22000122070312,68.20999908447266,68.22000122070312,4.0
2025-03-24 06:19:00+00:00,68.20999908447266,68.22000122070312,68.20999908447266,68.22000122070312,9.0
2025-03-24 06:20:00+00:00,68.20999908447266,68.20999908447266,68.20999908447266,68.20999908447266,4.0
2025-03-24 06:21:00+00:00,68.20999908447266,68.22000122070312,68.20999908447266,68.20999908447266,14.0
2025-03-24 06:22:00+00:00,68.22000122070312,68.23999786376953,68.22000122070312,68.2300033569336,17.0
2025-03-24 06:23:00+00:00,68.2300033569336,68.2300033569336,68.22000122070312,68.2300033569336,9.0
2025-03-24 06:24:00+00:00,68.2300033569336,68.23999786376953,68.2300033569336,68.23999786376953,5.0
2025-03-24 06:26:00+00:00,68.25,68.2699966430664,68.2300033569336,68.2300033569336,35.0
2025-03-24 06:27:00+00:00,68.25,68.26000213623047,68.25,68.25,12.0
2025-03-24 06:28:00+00:00,68.25,68.25,68.25,68.25,8.0
2025-03-24 06:29:00+00:00,68.26000213623047,68.26000213623047,68.25,68.25,16.0
2025-03-24 06:30:00+00:00,68.25,68.2699966430664,68.25,68.2699966430664,30.0
2025-03-24 06:32:00+00:00,68.25,68.2699966430664,68.25,68.2699966430664,45.0
2025-03-24 06:33:00+00:00,68.25,68.25,68.25,68.25,14.0
2025-03-24 06:34:00+00:00,68.23999786376953,68.23999786376953,68.2300033569336,68.23999786376953,38.0
2025-03-24 06:35:00+00:00,68.22000122070312,68.23999786376953,68.20999908447266,68.23999786376953,29.0
2025-03-24 06:36:00+00:00,68.2300033569336,68.23999786376953,68.22000122070312,68.22000122070312,10.0
2025-03-24 06:37:00+00:00,68.2300033569336,68.2300033569336,68.20999908447266,68.22000122070312,227.0
2025-03-24 06:38:00+00:00,68.2300033569336,68.23999786376953,68.2300033569336,68.2300033569336,7.0
2025-03-24 06:39:00+00:00,68.23999786376953,68.23999786376953,68.2300033569336,68.23999786376953,27.0
2025-03-24 06:40:00+00:00,68.2699966430664,68.27999877929688,68.23999786376953,68.23999786376953,67.0
2025-03-24 06:41:00+00:00,68.2699966430664,68.27999877929688,68.2699966430664,68.2699966430664,23.0
2025-03-24 06:42:00+00:00,68.2699966430664,68.2699966430664,68.26000213623047,68.2699966430664,15.0
2025-03-24 06:43:00+00:00,68.2699966430664,68.27999877929688,68.26000213623047,68.26000213623047,23.0
2025-03-24 06:44:00+00:00,68.26000213623047,68.27999877929688,68.26000213623047,68.2699966430664,100.0
2025-03-24 06:45:00+00:00,68.2699966430664,68.27999877929688,68.26000213623047,68.27999877929688,29.0
2025-03-24 06:46:00+00:00,68.2699966430664,68.2699966430664,68.26000213623047,68.2699966430664,33.0
2025-03-24 06:49:00+00:00,68.30000305175781,68.30999755859375,68.30000305175781,68.30000305175781,127.0
2025-03-24 06:50:00+00:00,68.30999755859375,68.30999755859375,68.30000305175781,68.30000305175781,28.0
2025-03-24 06:51:00+00:00,68.30999755859375,68.30999755859375,68.29000091552734,68.30000305175781,44.0
2025-03-24 06:52:00+00:00,68.30999755859375,68.30999755859375,68.30999755859375,68.30999755859375,11.0
2025-03-24 06:54:00+00:00,68.33000183105469,68.33999633789062,68.31999969482422,68.31999969482422,60.0
2025-03-24 06:55:00+00:00,68.30000305175781,68.33999633789062,68.30000305175781,68.33000183105469,105.0
2025-03-24 06:56:00+00:00,68.2699966430664,68.29000091552734,68.2699966430664,68.29000091552734,330.0
2025-03-24 06:57:00+00:00,68.2699966430664,68.27999877929688,68.2699966430664,68.27999877929688,6.0
2025-03-24 06:58:00+00:00,68.30000305175781,68.30000305175781,68.27999877929688,68.27999877929688,25.0
2025-03-24 06:59:00+00:00,68.29000091552734,68.29000091552734,68.27999877929688,68.29000091552734,10.0
2025-03-24 07:00:00+00:00,68.3499984741211,68.3499984741211,68.29000091552734,68.30000305175781,37.0
2025-03-24 07:01:00+00:00,68.37000274658203,68.4000015258789,68.3499984741211,68.3499984741211,186.0
2025-03-24 07:02:00+00:00,68.33999633789062,68.36000061035156,68.33999633789062,68.36000061035156,33.0
2025-03-24 07:03:00+00:00,68.33999633789062,68.36000061035156,68.33999633789062,68.33999633789062,70.0
2025-03-24 07:04:00+00:00,68.30999755859375,68.3499984741211,68.30999755859375,68.3499984741211,79.0
2025-03-24 07:05:00+00:00,68.29000091552734,68.33000183105469,68.29000091552734,68.30999755859375,71.0
2025-03-24 07:06:00+00:00,68.29000091552734,68.29000091552734,68.2699966430664,68.27999877929688,67.0
2025-03-24 07:07:00+00:00,68.31999969482422,68.31999969482422,68.29000091552734,68.30000305175781,28.0
2025-03-24 07:08:00+00:00,68.33000183105469,68.33000183105469,68.30999755859375,68.30999755859375,71.0
2025-03-24 07:09:00+00:00,68.31999969482422,68.31999969482422,68.31999969482422,68.31999969482422,6.0
2025-03-24 07:10:00+00:00,68.33000183105469,68.33000183105469,68.31999969482422,68.31999969482422,21.0
2025-03-24 07:11:00+00:00,68.3499984741211,68.3499984741211,68.33000183105469,68.33999633789062,65.0
2025-03-24 07:12:00+00:00,68.36000061035156,68.36000061035156,68.33999633789062,68.33999633789062,88.0
2025-03-24 07:13:00+00:00,68.3499984741211,68.37000274658203,68.33999633789062,68.37000274658203,75.0
2025-03-24 07:14:00+00:00,68.36000061035156,68.36000061035156,68.3499984741211,68.3499984741211,26.0
2025-03-24 07:15:00+00:00,68.36000061035156,68.37000274658203,68.3499984741211,68.36000061035156,15.0
2025-03-24 07:16:00+00:00,68.3499984741211,68.36000061035156,68.3499984741211,68.36000061035156,13.0
2025-03-24 07:17:00+00:00,68.3499984741211,68.36000061035156,68.3499984741211,68.36000061035156,21.0
2025-03-24 07:18:00+00:00,68.3499984741211,68.3499984741211,68.33999633789062,68.3499984741211,60.0
2025-03-24 07:19:00+00:00,68.36000061035156,68.36000061035156,68.3499984741211,68.3499984741211,37.0
2025-03-24 07:20:00+00:00,68.33999633789062,68.37000274658203,68.33999633789062,68.36000061035156,39.0
2025-03-24 07:21:00+00:00,68.3499984741211,68.3499984741211,68.33000183105469,68.3499984741211,32.0
2025-03-24 07:22:00+00:00,68.33000183105469,68.3499984741211,68.33000183105469,68.3499984741211,28.0
2025-03-24 07:23:00+00:00,68.30000305175781,68.33000183105469,68.30000305175781,68.33000183105469,147.0
2025-03-24 07:24:00+00:00,68.31999969482422,68.31999969482422,68.30000305175781,68.30999755859375,56.0
2025-03-24 07:25:00+00:00,68.33000183105469,68.33999633789062,68.31999969482422,68.31999969482422,20.0
2025-03-24 07:26:00+00:00,68.33000183105469,68.33999633789062,68.33000183105469,68.33999633789062,15.0
2025-03-24 07:27:00+00:00,68.31999969482422,68.33000183105469,68.31999969482422,68.31999969482422,36.0
2025-03-24 07:28:00+00:00,68.33999633789062,68.3499984741211,68.31999969482422,68.31999969482422,25.0
2025-03-24 07:29:00+00:00,68.3499984741211,68.3499984741211,68.33000183105469,68.33999633789062,33.0
2025-03-24 07:30:00+00:00,68.3499984741211,68.3499984741211,68.3499984741211,68.3499984741211,2.0
2025-03-24 07:40:00+00:00,68.37999725341797,68.38999938964844,68.37000274658203,68.37000274658203,375.0
2025-03-24 07:41:00+00:00,68.37999725341797,68.37999725341797,68.37999725341797,68.37999725341797,22.0
2025-03-24 07:42:00+00:00,68.4000015258789,68.4000015258789,68.37999725341797,68.37999725341797,39.0
2025-03-24 07:43:00+00:00,68.38999938964844,68.4000015258789,68.38999938964844,68.38999938964844,40.0
2025-03-24 07:44:00+00:00,68.43000030517578,68.43000030517578,68.4000015258789,68.4000015258789,144.0
2025-03-24 07:45:00+00:00,68.44000244140625,68.44999694824219,68.41999816894531,68.41999816894531,186.0
2025-03-24 07:47:00+00:00,68.47000122070312,68.47000122070312,68.44000244140625,68.44000244140625,130.0
2025-03-24 07:48:00+00:00,68.51000213623047,68.51000213623047,68.47000122070312,68.47000122070312,224.0
2025-03-24 07:49:00+00:00,68.5,68.5,68.48999786376953,68.5,43.0
2025-03-24 07:50:00+00:00,68.48999786376953,68.5,68.47000122070312,68.5,98.0
2025-03-24 07:51:00+00:00,68.48999786376953,68.5,68.4800033569336,68.48999786376953,114.0
2025-03-24 07:52:00+00:00,68.4800033569336,68.5,68.4800033569336,68.5,81.0
2025-03-24 07:53:00+00:00,68.4800033569336,68.4800033569336,68.47000122070312,68.4800033569336,31.0
2025-03-24 07:54:00+00:00,68.51000213623047,68.5199966430664,68.4800033569336,68.48999786376953,67.0
2025-03-24 07:55:00+00:00,68.5,68.51000213623047,68.5,68.5,16.0
2025-03-24 07:56:00+00:00,68.5,68.51000213623047,68.48999786376953,68.48999786376953,80.0
2025-03-24 07:57:00+00:00,68.52999877929688,68.55000305175781,68.51000213623047,68.51000213623047,173.0
2025-03-24 07:58:00+00:00,68.5,68.52999877929688,68.48999786376953,68.52999877929688,137.0
2025-03-24 07:59:00+00:00,68.5,68.51000213623047,68.48999786376953,68.5,147.0
2025-03-24 08:00:00+00:00,68.43000030517578,68.5,68.43000030517578,68.5,150.0
2025-03-24 08:01:00+00:00,68.44999694824219,68.44999694824219,68.41999816894531,68.44000244140625,140.0
2025-03-24 08:02:00+00:00,68.38999938964844,68.44999694824219,68.37999725341797,68.44000244140625,315.0
2025-03-24 08:03:00+00:00,68.4000015258789,68.41999816894531,68.37000274658203,68.38999938964844,194.0
2025-03-24 08:04:00+00:00,68.4000015258789,68.41999816894531,68.4000015258789,68.4000015258789,57.0
2025-03-24 08:05:00+00:00,68.44000244140625,68.44000244140625,68.38999938964844,68.38999938964844,62.0
2025-03-24 08:06:00+00:00,68.45999908447266,68.45999908447266,68.41999816894531,68.44000244140625,81.0
2025-03-24 08:07:00+00:00,68.44000244140625,68.45999908447266,68.44000244140625,68.45999908447266,46.0
2025-03-24 08:08:00+00:00,68.44999694824219,68.45999908447266,68.44000244140625,68.44999694824219,54.0
2025-03-24 08:09:00+00:00,68.43000030517578,68.44000244140625,68.41999816894531,68.44000244140625,23.0
2025-03-24 08:10:00+00:00,68.47000122070312,68.47000122070312,68.43000030517578,68.43000030517578,95.0
2025-03-24 08:11:00+00:00,68.4800033569336,68.4800033569336,68.45999908447266,68.47000122070312,27.0
2025-03-24 08:12:00+00:00,68.45999908447266,68.48999786376953,68.45999908447266,68.4800033569336,47.0
2025-03-24 08:13:00+00:00,68.45999908447266,68.47000122070312,68.45999908447266,68.45999908447266,34.0
2025-03-24 08:14:00+00:00,68.47000122070312,68.47000122070312,68.44000244140625,68.44999694824219,84.0
2025-03-24 08:15:00+00:00,68.45999908447266,68.47000122070312,68.44999694824219,68.47000122070312,67.0
2025-03-24 08:16:00+00:00,68.44000244140625,68.47000122070312,68.44000244140625,68.44999694824219,68.0
2025-03-24 08:17:00+00:00,68.44000244140625,68.44999694824219,68.43000030517578,68.43000030517578,70.0
2025-03-24 08:18:00+00:00,68.44000244140625,68.44000244140625,68.44000244140625,68.44000244140625,21.0
2025-03-24 08:19:00+00:00,68.41000366210938,68.43000030517578,68.41000366210938,68.43000030517578,48.0
2025-03-24 08:20:00+00:00,68.4000015258789,68.41000366210938,68.37999725341797,68.4000015258789,118.0
2025-03-24 08:21:00+00:00,68.37999725341797,68.41000366210938,68.37999725341797,68.4000015258789,88.0
2025-03-24 08:22:00+00:00,68.4000015258789,68.4000015258789,68.37999725341797,68.37999725341797,66.0
2025-03-24 08:23:00+00:00,68.4000015258789,68.4000015258789,68.38999938964844,68.4000015258789,49.0
2025-03-24 08:24:00+00:00,68.4000015258789,68.41000366210938,68.38999938964844,68.4000015258789,31.0
2025-03-24 08:25:00+00:00,68.4000015258789,68.41000366210938,68.38999938964844,68.38999938964844,68.0
2025-03-24 08:26:00+00:00,68.41000366210938,68.41000366210938,68.4000015258789,68.4000015258789,27.0
2025-03-24 08:27:00+00:00,68.41000366210938,68.43000030517578,68.38999938964844,68.4000015258789,200.0
2025-03-24 08:28:00+00:00,68.37000274658203,68.41999816894531,68.37000274658203,68.41000366210938,125.0
2025-03-24 08:29:00+00:00,68.44999694824219,68.44999694824219,68.37000274658203,68.37000274658203,224.0
2025-03-24 08:30:00+00:00,68.37000274658203,68.44000244140625,68.36000061035156,68.44000244140625,325.0
2025-03-24 08:31:00+00:00,68.33999633789062,68.37000274658203,68.31999969482422,68.37000274658203,233.0
2025-03-24 08:32:00+00:00,68.33000183105469,68.3499984741211,68.31999969482422,68.3499984741211,288.0
2025-03-24 08:33:00+00:00,68.33000183105469,68.33000183105469,68.31999969482422,68.31999969482422,71.0
2025-03-24 08:34:00+00:00,68.31999969482422,68.33000183105469,68.30999755859375,68.31999969482422,117.0
2025-03-24 08:35:00+00:00,68.20999908447266,68.30999755859375,68.1500015258789,68.30999755859375,759.0
2025-03-24 08:36:00+00:00,68.16000366210938,68.2300033569336,68.16000366210938,68.20999908447266,249.0
2025-03-24 08:37:00+00:00,68.16999816894531,68.18000030517578,68.13999938964844,68.1500015258789,213.0
2025-03-24 08:38:00+00:00,68.13999938964844,68.16000366210938,68.12000274658203,68.16000366210938,177.0
2025-03-24 08:39:00+00:00,68.08999633789062,68.1500015258789,68.08000183105469,68.13999938964844,319.0
2025-03-24 08:40:00+00:00,68.12999725341797,68.12999725341797,68.06999969482422,68.08999633789062,144.0
2025-03-24 08:41:00+00:00,68.13999938964844,68.1500015258789,68.12000274658203,68.12999725341797,95.0
2025-03-24 08:42:00+00:00,68.1500015258789,68.1500015258789,68.12000274658203,68.12999725341797,46.0
2025-03-24 08:43:00+00:00,68.1500015258789,68.16000366210938,68.12999725341797,68.1500015258789,99.0
2025-03-24 08:44:00+00:00,68.12999725341797,68.1500015258789,68.12000274658203,68.13999938964844,47.0
2025-03-24 08:45:00+00:00,68.12000274658203,68.12999725341797,68.11000061035156,68.12000274658203,39.0
2025-03-24 08:46:00+00:00,68.11000061035156,68.12000274658203,68.0999984741211,68.12000274658203,104.0
2025-03-24 08:47:00+00:00,68.12999725341797,68.16000366210938,68.12000274658203,68.12000274658203,97.0
2025-03-24 08:48:00+00:00,68.12999725341797,68.13999938964844,68.12999725341797,68.13999938964844,22.0
2025-03-24 08:49:00+00:00,68.12000274658203,68.12999725341797,68.12000274658203,68.12000274658203,44.0
2025-03-24 08:50:00+00:00,68.11000061035156,68.12999725341797,68.11000061035156,68.12000274658203,91.0
2025-03-24 08:51:00+00:00,68.11000061035156,68.12999725341797,68.11000061035156,68.11000061035156,47.0
2025-03-24 08:52:00+00:00,68.13999938964844,68.13999938964844,68.12000274658203,68.12000274658203,77.0
2025-03-24 08:53:00+00:00,68.13999938964844,68.1500015258789,68.12000274658203,68.13999938964844,31.0
2025-03-24 08:54:00+00:00,68.16000366210938,68.16000366210938,68.12999725341797,68.12999725341797,32.0
2025-03-24 08:55:00+00:00,68.18000030517578,68.18000030517578,68.1500015258789,68.16999816894531,84.0
2025-03-24 08:56:00+00:00,68.19999694824219,68.20999908447266,68.16999816894531,68.19000244140625,181.0
2025-03-24 08:57:00+00:00,68.19999694824219,68.2300033569336,68.19000244140625,68.20999908447266,116.0
2025-03-24 08:58:00+00:00,68.19999694824219,68.19999694824219,68.18000030517578,68.19999694824219,66.0
2025-03-24 08:59:00+00:00,68.22000122070312,68.2300033569336,68.19999694824219,68.19999694824219,41.0
2025-03-24 09:00:00+00:00,68.11000061035156,68.23999786376953,68.11000061035156,68.2300033569336,703.0
2025-03-24 09:01:00+00:00,68.18000030517578,68.18000030517578,68.12000274658203,68.12000274658203,247.0
2025-03-24 09:02:00+00:00,68.18000030517578,68.19000244140625,68.1500015258789,68.18000030517578,129.0
2025-03-24 09:03:00+00:00,68.22000122070312,68.22000122070312,68.16999816894531,68.16999816894531,49.0
2025-03-24 09:04:00+00:00,68.19999694824219,68.20999908447266,68.19000244140625,68.20999908447266,76.0
2025-03-24 09:05:00+00:00,68.19999694824219,68.22000122070312,68.19000244140625,68.19999694824219,175.0
2025-03-24 09:06:00+00:00,68.2300033569336,68.2300033569336,68.19999694824219,68.19999694824219,0.0
